Title,Link,Languages,Web Frameworks,Libraries,Databases,Platforms,Other,Experience Level
"Front-End Developer (JS, Angular, TypeScript) – Freelance & Full Remote Project",https://stackoverflow.com/jobs/371097/front-end-developer-js-angular-typescript-skillvalue,"css,typescript,javascript,php,html","laravel,node,react,angular,vue",,"firebase,mongodb","docker,amazon web services,wordpress",,other
Guidewire InsuranceNow Implementation Engineer (Developer),https://stackoverflow.com/jobs/279895/guidewire-insurancenow-implementation-engineer-eagle-creek-software-services,"html,java,sql","angular,spring",,oracle,,,senior
Senior Big Data Scalability Engineer (Remote US Based),https://stackoverflow.com/jobs/334503/senior-big-data-scalability-engineer-remote-us-vividcortex-database,,,apache,"mysql,redis",amazon web services,,senior
Senior Frontend Developer,https://stackoverflow.com/jobs/359023/senior-frontend-developer-writefull,,react,git,,,,senior
Front-End Developer (Remote),https://stackoverflow.com/jobs/380072/front-end-developer-remote-wallethub,"shell,javascript,css,html",angular,,,"amazon web services,linux",,senior
"Senior Systems Administrator (Washington, D.C. or U.S. Remote)",https://stackoverflow.com/jobs/380065/senior-systems-administrator-washington-dc-or-wallethub,"css,javascript,shell,html",angular,,,"amazon web services,linux",,senior
Senior Go Backend Developer,https://stackoverflow.com/jobs/287208/senior-go-backend-developer-refurbed,go,vue,,postgresql,"google cloud platform,rabbitmq",,senior
Lead/Senior Backend Developer - We're motivated to code with a sense of purpose,https://stackoverflow.com/jobs/268694/lead-senior-backend-developer-were-motivated-kind,"java,javascript",spring,,,kubernetes,,senior
Part-Time Full Stack Web Developer with React and Ruby on Rails Experience,https://stackoverflow.com/jobs/380038/part-time-full-stack-web-developer-with-react-and-radish-lab,ruby,"react,ruby",,postgresql,docker,,senior
Design Course Mentor,https://stackoverflow.com/jobs/246834/design-course-mentor-thinkful-inc,"python,sql,css,html",,,,"amazon web services,wordpress",seo,senior
Java Developer,https://stackoverflow.com/jobs/246139/java-developer-ubiquisoft-technologies,"java,javascript,css,html","angular,spring",,,,,senior
Full Stack Developer (Remote United States),https://stackoverflow.com/jobs/379690/full-stack-developer-remote-united-states-caddienow,ruby,"react,ruby",,,,,other
Software Engineer in Test,https://stackoverflow.com/jobs/371122/software-engineer-in-test-packet-fabric,"python,javascript,sql",angular,,,,,senior
Backend Developer,https://stackoverflow.com/jobs/371442/backend-developer-squire,,"express,node",,postgresql,,,senior
Full-stack engineer (React + Rails),https://stackoverflow.com/jobs/371120/full-stack-engineer-react-plus-rails-almanac,"ruby,javascript","react,ruby",,,,,senior
React Engineer | Native or Web | 100% Remote,https://stackoverflow.com/jobs/229077/react-engineer-native-or-web-100-remote-g2i-inc,"typescript,javascript,graphql",react,react native,,,,senior
"Full-Stack Developer (PHP/JavaScript), Remote & Freelance Project",https://stackoverflow.com/jobs/371095/full-stack-developer-php-javascript-remote-skillvalue,"java,css,javascript,php,html","laravel,node,react,angular,vue,spring",,mongodb,"docker,amazon web services,wordpress",,other
Senior Java Developer Who Loves Puzzles,https://stackoverflow.com/jobs/217099/senior-java-developer-who-loves-puzzles-oreilly-auto-parts,"java,css,javascript,html,sql","spring,jquery",,,,,senior
Software Engineer Who Loves Modernization,https://stackoverflow.com/jobs/60726/software-engineer-who-loves-modernization-oreilly-auto-parts,"java,css,javascript,html,sql","spring,jquery",,,,,senior
Java Software Architect,https://stackoverflow.com/jobs/371603/java-software-architect-oreilly-auto-parts,"java,css,html,javascript,sql","spring,jquery",,,,,senior
JavaFX Developer,https://stackoverflow.com/jobs/374112/javafx-developer-oreilly-auto-parts,"java,css,html,javascript,sql","spring,jquery",,,,,senior
Senior Full-Stack (JS and RoR) Developer,https://stackoverflow.com/jobs/312462/senior-full-stack-js-and-ror-developer-dorsata,"ruby,javascript","react,angular,vue,ruby",,,,,senior
QA Automation Engineer (Javascript),https://stackoverflow.com/jobs/379645/qa-automation-engineer-javascript-modus-create,javascript,,,,,,senior
PHP Developer (f/m/d) Remote/Homeoffice - WordPress Projects at Enterprise Level,https://stackoverflow.com/jobs/229477/php-developer-f-m-d-remote-homeoffice-inpsyde-gmbh,"javascript,php",,,,wordpress,,senior
FULL-STACK PYTHON (DJANGO) DEVELOPER,https://stackoverflow.com/jobs/379632/full-stack-python-django-developer-scalable-path,"python,javascript,php",django,,postgresql,docker,,senior
Senior AWS Engineer,https://stackoverflow.com/jobs/379310/senior-aws-engineer-ifit,"c,javascript",react,"git,xamarin","nosql,postgresql,redis","docker,ios,aws,amazon web services,android",,senior
Kubernetes Platform Architect (100% remote),https://stackoverflow.com/jobs/371028/kubernetes-platform-architect-100-remote-giant-swarm-gmbh,go,,,,kubernetes,,senior
Remote Java & Web Developer,https://stackoverflow.com/jobs/346147/remote-java-web-developer-spider-strategies,"java,javascript,sql",,,,,,other
Full Stack Web Developer,https://stackoverflow.com/jobs/370918/full-stack-web-developer-art-logic-inc,"python,javascript","django,vue",,,,,senior
UI/UX Designer,https://stackoverflow.com/jobs/359293/ui-ux-designer-finsera,css,,,,,,senior
Software Developers and Operations Personnel for Healthcare Platform,https://stackoverflow.com/jobs/379348/software-developers-and-operations-personnel-for-careevolution,"c,sql",,,,"amazon web services,ios",,senior
"Senior Software Engineer, Fullstack",https://stackoverflow.com/jobs/302271/senior-software-engineer-fullstack-valora-digital,"python,java,c,kotlin",react,,,android,,senior
Full Stack Developer - MEAN,https://stackoverflow.com/jobs/379313/full-stack-developer-mean-curotec,"javascript,html","angular,node",,mongodb,,,senior
Software Development Engineer in Test (SDET) - REMOTE,https://stackoverflow.com/jobs/379311/software-development-engineer-in-test-sdet-thermopylae-sciences-and,,,,,"amazon web services,linux",,other
"Work on Computer Science focused Articles (remote, part-time)",https://stackoverflow.com/jobs/351111/work-on-computer-science-focused-articles-remote-baeldung,"scala,java",spring,,,,,senior
Senior Application Security Engineer,https://stackoverflow.com/jobs/370892/senior-application-security-engineer-wikimedia-foundation-inc,"javascript,php",,,,kubernetes,,junior
Senior API Developer,https://stackoverflow.com/jobs/378486/senior-api-developer-crossbraining,graphql,node,,nosql,apollo,,senior
"Senior Network Engineer - Remote, Boston, New York, or San Francisco",https://stackoverflow.com/jobs/370877/senior-network-engineer-remote-boston-new-underline,"r,python,go,graphql,sql",,,,docker,,senior
"Senior Security Researcher, Applications - 100% Remote Colombia South America",https://stackoverflow.com/jobs/370875/senior-security-researcher-applications-100-sonatype,"python,java,ruby,javascript",ruby,apache,,amazon web services,,senior
Full-Stack Engineer: Special Projects,https://stackoverflow.com/jobs/293381/full-stack-engineer-special-projects-medaltv,,,,,,,other
"Senior Security Researcher, Applications - 100% Remote Canada",https://stackoverflow.com/jobs/208728/senior-security-researcher-applications-100-sonatype,"python,java,ruby,javascript",ruby,apache,,amazon web services,,senior
"Senior Front-End Engineer, JavaScript",https://stackoverflow.com/jobs/313689/senior-front-end-engineer-javascript-olo,javascript,react,,,,,senior
ActionScript / FLASH Developer,https://stackoverflow.com/jobs/379299/actionscript-flash-developer-surge,"graphql,javascript,css,html","angular,react",,oracle,,,senior
"Mid to Senior Front End Developer - $75K to $110,000 - LOCAL/REMOTE",https://stackoverflow.com/jobs/358552/mid-to-senior-front-end-developer-75k-to-110-fountainheadme,,laravel,,,shopify,,senior
Senior Python Engineer in Fintech,https://stackoverflow.com/jobs/334701/senior-python-engineer-in-fintech-flowcast-inc,"python,sql",flask,"pandas,apache",,"docker,google cloud platform,amazon web services",machine learning,senior
Generalist Mid/Senior-level Software Developer who loves React & Typescript,https://stackoverflow.com/jobs/379298/generalist-mid-senior-level-software-developer-niphtio,"typescript,kotlin,graphql",react,,postgresql,,,senior
Remote Java Engineer - Support (US-Only),https://stackoverflow.com/jobs/131938/remote-java-engineer-support-us-only-hazelcast,java,,,,,,senior
Quality Engineer,https://stackoverflow.com/jobs/203005/quality-engineer-hazelcast,java,,,,,,senior
Director of Data & Platform Engineering (Remote or NYC),https://stackoverflow.com/jobs/308218/director-of-data-platform-engineering-remote-noom,"python,golang,java,ruby","react,angular,vue,ruby","pandas,tensorflow,torch",,"android,aws,amazon web services,ios",,senior
Senior backend go developer,https://stackoverflow.com/jobs/370764/senior-backend-go-developer-cel,"python,go",angular,,mongodb,"docker,amazon web services",,senior
"Senior Software Developer/Engineer - Kubernetes (Senior, Remote)",https://stackoverflow.com/jobs/378518/senior-software-developer-engineer-kubernetes-topdevz,"python,sql",react,git,,kubernetes,,senior
Lead developer Go+Angular,https://stackoverflow.com/jobs/370761/lead-developer-go-plusangular-cel,"python,go",angular,,mongodb,"docker,amazon web services",,senior
"Full Stack Engineer (.Net, Angular)",https://stackoverflow.com/jobs/379282/full-stack-engineer-net-angular-modus-create,c,angular,,,,,senior
DevOps Engineer,https://stackoverflow.com/jobs/378945/devops-engineer-corsearch,"java,go",,"apache,ansible",mongodb,"docker,amazon web services,linux",,senior
Senior backend developer,https://stackoverflow.com/jobs/367969/senior-backend-developer-the-sustainables-bv,"asp,c",,.net core,,,,senior
Senior/Principal Cloud Engineer (Remote in UK),https://stackoverflow.com/jobs/333333/senior-principal-cloud-engineer-remote-in-uk-freeagent,,,,,,,other
Senior Swift Developer,https://stackoverflow.com/jobs/354850/senior-swift-developer-undefined-llc,"sass,swift",react,,"firebase,nosql","shopify,ios",,senior
React/Node Developer,https://stackoverflow.com/jobs/328010/react-node-developer-undefined-llc,"sass,swift",react,,"firebase,nosql","shopify,ios",,senior
Software Engineer (Cyber Security),https://stackoverflow.com/jobs/346002/software-engineer-cyber-security-surevine,java,spring,,,amazon web services,,senior
Senior Web Architect (.NET / Javascript),https://stackoverflow.com/jobs/243370/senior-web-architect-net-javascript-arcanys,"asp,c,javascript","angular,node,react,jquery",.net,,,,senior
Search Wrangler (Remote),https://stackoverflow.com/jobs/378931/search-wrangler-remote-automattic,"python,javascript,php,sql",react,,"mysql,elasticsearch","amazon web services,wordpress",,senior
Développeur iOS confirmé en télétravail,https://stackoverflow.com/jobs/378681/d%C3%A9veloppeur-ios-confirm%C3%A9-en-t%C3%A9l%C3%A9travail-tayasui,"objective c,swift",,,,"macos,ios",,senior
Senior Software Engineer (remote US or office) <progressive ed nonprofit>,https://stackoverflow.com/jobs/272027/senior-software-engineer-remote-us-or-office-achievement-network,"java,javascript,go",angular,,mysql,,,senior
Senior Back End Engineer,https://stackoverflow.com/jobs/378538/senior-back-end-engineer-doublegdp,ruby,"react,ruby",,,heroku,,other
GWT/Java Developer,https://stackoverflow.com/jobs/332847/gwt-java-developer-vascular-management-associates,java,,,mysql,,,senior
Senior Remote Freelancers,https://stackoverflow.com/jobs/378534/senior-remote-freelancers-scalable-path,"python,javascript,php",django,,postgresql,docker,,senior
"Application Support Engineer (Windows, Linux, Azure, AWS, Office 365)",https://stackoverflow.com/jobs/370595/application-support-engineer-windows-linux-outthink,,,,,"amazon web services,linux",,other
Senior Cloud Security Engineer,https://stackoverflow.com/jobs/378525/senior-cloud-security-engineer-jack-henry-associates-inc,"css,ruby,scala,c,javascript,clojure,html,sql",ruby,,,"docker,amazon web services",,senior
Oracle DBA,https://stackoverflow.com/jobs/378524/oracle-dba-surge,"html,javascript,css,graphql","angular,react",,oracle,,,senior
Senior Full Stack Developer,https://stackoverflow.com/jobs/358270/senior-full-stack-developer-ceros,"typescript,javascript,php,bash",node,,,"amazon web services,kubernetes",,senior
Full Stack Developer,https://stackoverflow.com/jobs/378514/full-stack-developer-future-plc,"java,javascript,sql","spring,react",,,docker,,senior
UI Lead / Front-End Developer (ReactJS / React Native),https://stackoverflow.com/jobs/378513/ui-lead-front-end-developer-reactjs-react-repay,,react,,,,,other
Principal Software Engineer,https://stackoverflow.com/jobs/374393/principal-software-engineer-givelify,"python,php,sql","angular,node",,,,,other
Quality Assurance Engineer,https://stackoverflow.com/jobs/358228/quality-assurance-engineer-amplified-ai,,,,,"docker,amazon web services,kubernetes",,senior
Site Reliability Engineer,https://stackoverflow.com/jobs/358226/site-reliability-engineer-amplified-ai,,,,,"docker,amazon web services,kubernetes",,senior
DevOps Engineer with Kubernetes (CET) [100% REMOTE],https://stackoverflow.com/jobs/378221/devops-engineer-with-kubernetes-cet-100-clevertech,"ruby,javascript,sql","express,ruby,node,react",react native,,"docker,ios,kubernetes,amazon web services,android",,senior
Full Stack Developer I,https://stackoverflow.com/jobs/301565/full-stack-developer-i-entando,"java,javascript",react,,,kubernetes,,other
Sr Backend Engineer (Remote or NYC),https://stackoverflow.com/jobs/283527/sr-backend-engineer-remote-or-nyc-noom,"python,golang,java,ruby","angular,vue,react,ruby","pandas,tensorflow,torch",,"aws,android,amazon web services,ios",,senior
Sr Data Scientist (Remote OR NYC),https://stackoverflow.com/jobs/283519/sr-data-scientist-remote-or-nyc-noom,"python,golang,java,ruby","angular,vue,react,ruby","pandas,tensorflow,torch",,"aws,android,amazon web services,ios",,senior
Senior Fullstack Developer,https://stackoverflow.com/jobs/358003/senior-fullstack-developer-kodify,"javascript,html","node,react",,mongodb,,,senior
Paid Research Study for IT workers that Manage Identity and Access For Users,https://stackoverflow.com/jobs/378265/paid-research-study-for-it-workers-that-manage-user-research-international,,,,,"google cloud platform,ibm cloud,linux",,senior
Senior Ruby on Rails Server Engineer,https://stackoverflow.com/jobs/378258/senior-ruby-on-rails-server-engineer-hubstaff,ruby,"react,vue,ruby",,,,,other
Contract UX Designer,https://stackoverflow.com/jobs/378245/contract-ux-designer-defiant-inc,,,,,,,other
Senior Software Engineer,https://stackoverflow.com/jobs/285541/senior-software-engineer-carbon-relay,"python,go",flask,torch,,kubernetes,machine learning,senior
Lead Software Engineer,https://stackoverflow.com/jobs/363670/lead-software-engineer-carbon-relay,"python,go",flask,torch,,kubernetes,machine learning,senior
"Senior Software Engineer, Data Pipeline",https://stackoverflow.com/jobs/345485/senior-software-engineer-data-pipeline-securityscorecard,"scala,java,python,go",,apache,elasticsearch,,,senior
Sr. Java/Spring Developer [100% REMOTE],https://stackoverflow.com/jobs/378224/sr-java-spring-developer-100-remote-clevertech,"ruby,java,javascript,sql","ruby,express,node,react,spring",react native,,"docker,ios,kubernetes,amazon web services,android",,senior
Ruby on Rails with React Engineer [100% REMOTE],https://stackoverflow.com/jobs/378222/ruby-on-rails-with-react-engineer-100-remote-clevertech,"javascript,ruby,sql","express,react,node,ruby",react native,,"docker,ios,kubernetes,amazon web services,android",,senior
Mobile Developer (Ionic) [100% REMOTE],https://stackoverflow.com/jobs/378220/mobile-developer-ionic-100-remote-clevertech,"ruby,javascript,sql","express,ruby,node,react",react native,,"android,docker,kubernetes,amazon web services,ios",,senior
Sr. ETL Database Engineer -  Python [100% REMOTE],https://stackoverflow.com/jobs/378219/sr-etl-database-engineer-python-100-remote-clevertech,"python,ruby,javascript,sql","express,ruby,node,react",react native,,"docker,ios,kubernetes,amazon web services,android",,senior
React Native Developer [100% REMOTE],https://stackoverflow.com/jobs/378218/react-native-developer-100-remote-clevertech,"ruby,javascript,sql","express,ruby,node,react",react native,,"android,docker,kubernetes,amazon web services,ios",,senior
"Senior Javascript Engineer (Full-Stack, Node/Express, React) [100% REMOTE]",https://stackoverflow.com/jobs/378217/senior-javascript-engineer-full-stack-node-clevertech,"ruby,javascript,sql","express,ruby,node,react",react native,,"docker,ios,kubernetes,amazon web services,android",,senior
Lead React/ThreeJS Developer [100% REMOTE],https://stackoverflow.com/jobs/378216/lead-react-threejs-developer-100-remote-clevertech,"ruby,javascript,sql","express,ruby,node,react",react native,,"docker,ios,kubernetes,amazon web services,android",,senior
DevOps Engineer [100% REMOTE],https://stackoverflow.com/jobs/378215/devops-engineer-100-remote-clevertech,"ruby,javascript,sql","express,ruby,node,react",react native,,"docker,ios,kubernetes,linux,amazon web services,android",,senior
"Engineering Manager, Banking Integrations Team",https://stackoverflow.com/jobs/378174/engineering-manager-banking-integrations-team-freeagent,,,,,,,other
"Senior Software Engineer, Mobile (iOS)",https://stackoverflow.com/jobs/378173/senior-software-engineer-mobile-ios-freeagent,,,,,,,other
Senior Software Developer (Istanbul),https://stackoverflow.com/jobs/378170/senior-software-developer-istanbul-authority-partners,c,angular,xamarin,,,,other
Senior Xamarin Developer,https://stackoverflow.com/jobs/247102/senior-xamarin-developer-authority-partners,c,angular,xamarin,,,,senior
Trainer (m/w/d) für Python - Homeoffice,https://stackoverflow.com/jobs/378111/trainer-m-w-d-f%C3%BCr-python-homeoffice-wbs-gruppe,"python,javascript,css,php","node,react",,"mysql,elasticsearch","docker,android",,senior
Remote Full-Time Senior iOS (US/ Canadian Candidates Only),https://stackoverflow.com/jobs/163292/remote-full-time-senior-ios-us-canadian-bite-interactive,swift,,,,ios,,senior
React Developer,https://stackoverflow.com/jobs/369578/react-developer-yougov,"python,typescript,javascript","django,flask,react,angular,vue",,"postgresql,mongodb","docker,kubernetes,amazon web services",,senior
Sr Full Stack Engineer (Remote OR NYC),https://stackoverflow.com/jobs/283522/sr-full-stack-engineer-remote-or-nyc-noom,"python,golang,java,ruby","angular,vue,react,ruby","pandas,tensorflow,torch",,"aws,android,amazon web services,ios",,senior
Senior iOS Engineer (Remote or NYC),https://stackoverflow.com/jobs/283525/senior-ios-engineer-remote-or-nyc-noom,"python,golang,java,ruby","angular,vue,react,ruby","pandas,tensorflow,torch",,"aws,android,amazon web services,ios",,senior
Frontend Developer,https://stackoverflow.com/jobs/370200/frontend-developer-squire,"sass,javascript",react,,,,,other
Senior React-Native Developer,https://stackoverflow.com/jobs/237901/senior-react-native-developer-avanoo,,react,react native,,"android,ios",,senior
Full Stack Engineer,https://stackoverflow.com/jobs/287784/full-stack-engineer-givelify,"python,php,sql","angular,node",,,,,senior
Senior Full Stack .Net Web Application Developer,https://stackoverflow.com/jobs/134022/senior-full-stack-net-web-application-developer-maplarge,"typescript,c",,,,amazon web services,,senior
Lead Application Developer / Technical Project Manager,https://stackoverflow.com/jobs/160721/lead-application-developer-technical-project-maplarge,"typescript,c",,,,amazon web services,,senior
"Systems Administrator (Linux, PHP)",https://stackoverflow.com/jobs/357276/systems-administrator-linux-php-compucorp,php,,,,linux,,other
Managed Service System Engineer - US,https://stackoverflow.com/jobs/301008/managed-service-system-engineer-us-eidosmedia,python,,apache,,linux,,junior
PHP-/Symfony-Entwickler (m/w/d) gesucht!,https://stackoverflow.com/jobs/275301/php-symfony-entwickler-m-w-d-gesucht-wbs-gruppe,"python,css,javascript,php","node,react",,"mysql,elasticsearch","docker,android",,junior
Associate Software Engineering Manager,https://stackoverflow.com/jobs/377847/associate-software-engineering-manager-libera-inc,javascript,"angular,node,react",react bootstrap,postgresql,"docker,amazon web services",,senior
Senior Salesforce Developer,https://stackoverflow.com/jobs/299457/senior-salesforce-developer-soliant-consulting,,,,,,,senior
Experienced .NET CMS Web Developer - Remote,https://stackoverflow.com/jobs/307184/experienced-net-cms-web-developer-remote-diagram,"asp,c,javascript,sql",,"orchardcms,.net",,umbraco,,senior
DevOps Engineer - Remote (USA or Canada),https://stackoverflow.com/jobs/141793/devops-engineer-remote-usa-or-canada-phreesia,"c,ruby",ruby,chef,,,,senior
iOS Developer,https://stackoverflow.com/jobs/303992/ios-developer-mahisoft-inc,"java,swift,javascript,sql","node,react",,,"amazon web services,ios",,senior
Site Reliability Engineer,https://stackoverflow.com/jobs/304351/site-reliability-engineer-sharestream,"java,javascript",,,"nosql,elasticsearch","docker,amazon web services,kubernetes,linux",,senior
Senior Software Engineer (Full Stack),https://stackoverflow.com/jobs/305495/senior-software-engineer-full-stack-sharestream,"java,javascript",,,"nosql,elasticsearch","docker,kubernetes,amazon web services,linux",,senior
Data Scientist - [Remote] - [United States],https://stackoverflow.com/jobs/356183/data-scientist-remote-united-states-crisp,"python,java,kotlin",spring,,,,machine learning,senior
Back-End Software Developer - [Remote] - [United States],https://stackoverflow.com/jobs/356182/back-end-software-developer-remote-united-crisp,"python,java,kotlin",spring,,,,machine learning,senior
Developer,https://stackoverflow.com/jobs/369499/developer-clearlife-limited,c,,,,,,junior
Senior Full Stack JavaScript Developer - Remote,https://stackoverflow.com/jobs/286028/senior-full-stack-javascript-developer-remote-upstack,typescript,"angular,node,vue,react",,,,,senior
[REMOTE] Product Engineer,https://stackoverflow.com/jobs/353692/remote-product-engineer-crazy-games,html,"node,react",canvas,,amazon web services,seo,senior
Senior Python Developer (Remote),https://stackoverflow.com/jobs/203899/senior-python-developer-remote-x-team,"python,typescript,javascript","django,flask,express,node,react,angular,vue","flutter,react native",,"docker,ios,kubernetes,amazon web services,android",,senior
Front End Engineer (Javascript),https://stackoverflow.com/jobs/377600/front-end-engineer-javascript-modus-create,javascript,react,,,,,senior
MSP - Managed Services Engineer (Remote),https://stackoverflow.com/jobs/377180/msp-managed-services-engineer-remote-new-context-services,"python,ruby",ruby,,,"docker,google cloud platform,amazon web services,kubernetes",,junior
Full Stack Engineer (Javascript),https://stackoverflow.com/jobs/377598/full-stack-engineer-javascript-modus-create,javascript,react,,,amazon web services,,senior
Senior Frontend Engineer,https://stackoverflow.com/jobs/360336/senior-frontend-engineer-shogun-labs-inc,"typescript,graphql",react,,,,,senior
Software Engineer - DevOps/SRE,https://stackoverflow.com/jobs/369052/software-engineer-devops-sre-infiot,python,,,,"google cloud platform,kubernetes",,senior
Machine Learning Engineer,https://stackoverflow.com/jobs/292501/machine-learning-engineer-qntfy,python,,torch,,"docker,kubernetes",,other
Senior Salesforce Developer,https://stackoverflow.com/jobs/292496/senior-salesforce-developer-eagle-creek-software-services,"java,sql","angular,spring",,oracle,,,senior
DevOps Engineer (RDS),https://stackoverflow.com/jobs/332647/devops-engineer-rds-mahisoft-inc,"java,swift,javascript,sql","node,react",,,"amazon web services,ios",,senior
Senior Data Engineer - Remote,https://stackoverflow.com/jobs/366169/senior-data-engineer-remote-semanticbits,"python,sql,java,r",spring,apache,,amazon web services,machine learning,other
Healthcare Data Analyst - Remote,https://stackoverflow.com/jobs/365174/healthcare-data-analyst-remote-semanticbits,"python,java,r,sql",spring,apache,,amazon web services,machine learning,other
"Data Scientist, Healthcare Policy Research - Remote",https://stackoverflow.com/jobs/366071/data-scientist-healthcare-policy-research-semanticbits,"python,sql,java,r",spring,apache,,amazon web services,machine learning,other
AWS DevOps Engineer - Remote,https://stackoverflow.com/jobs/374863/aws-devops-engineer-remote-semanticbits,"python,sql,java,r",spring,apache,,amazon web services,machine learning,other
DevOps Engineer,https://stackoverflow.com/jobs/291189/devops-engineer-interpersonal-frequency,php,drupal,,mysql,"docker,amazon web services",,senior
Full stack Go+Angular,https://stackoverflow.com/jobs/368876/full-stack-go-plusangular-cel,"python,go",angular,,mongodb,"docker,amazon web services",,senior
Solutions Architect to work with Apache Flink,https://stackoverflow.com/jobs/160076/solutions-architect-to-work-with-apache-flink-ververica,java,,apache,,kubernetes,,senior
Senior React Developer (Remote),https://stackoverflow.com/jobs/277612/senior-react-developer-remote-x-team,"python,typescript,javascript","django,flask,express,node,react,angular,vue","flutter,react native",,"docker,ios,kubernetes,amazon web services,android",,senior
Développeur Python C/C++ | Mission Remote (France),https://stackoverflow.com/jobs/377495/d%C3%A9veloppeur-python-c-c-plus-plus-mission-remote-france-skillvalue,"css,python,c,javascript,php,html","laravel,node,react,angular,vue",,mongodb,"docker,amazon web services,wordpress",,other
Senior Software Architect / Engineer who enjoys coding web services in c#,https://stackoverflow.com/jobs/124860/senior-software-architect-engineer-who-enjoys-maplarge,"typescript,c",,,,amazon web services,,senior
"Senior Engineer, Customer Success and Billing",https://stackoverflow.com/jobs/368582/senior-engineer-customer-success-and-billing-auth0,"python,golang,java,php","laravel,node,react",,"postgresql,mongodb","amazon web services,wordpress",,senior
"Developer Experience Engineer, SDKs",https://stackoverflow.com/jobs/368580/developer-experience-engineer-sdks-auth0,,,,,,,other
"Engineer, Platform - MongoDB/RDS",https://stackoverflow.com/jobs/368577/engineer-platform-mongodb-rds-auth0,"python,golang,java,php","laravel,node,react",,"postgresql,mongodb","amazon web services,wordpress",,senior
Javascript Full Stack Developer (Remote or On site),https://stackoverflow.com/jobs/304681/javascript-full-stack-developer-remote-or-on-ifit,"c,javascript",react,"git,xamarin","nosql,postgresql,redis","docker,ios,aws,amazon web services,android",,senior
Senior .NET Developer,https://stackoverflow.com/jobs/330750/senior-net-developer-ethor,,,,,windows,,senior
Senior .NET Web Applications Developer,https://stackoverflow.com/jobs/330745/senior-net-web-applications-developer-ethor,"asp,c",,.net,,kubernetes,,senior
Senior Solutions Architect (Remote),https://stackoverflow.com/jobs/372624/senior-solutions-architect-remote-new-context-services,"python,ruby",ruby,,,"docker,google cloud platform,kubernetes,amazon web services",,senior
"Senior DevOps Engineer (Remote, Twistlock Exp Desired)",https://stackoverflow.com/jobs/377158/senior-devops-engineer-remote-twistlock-exp-new-context-services,"python,ruby",ruby,,,"docker,google cloud platform,amazon web services,kubernetes",,senior
Python Developer,https://stackoverflow.com/jobs/330681/python-developer-yougov,"python,typescript,javascript","django,flask,react,angular,vue",,"postgresql,mongodb","docker,kubernetes,amazon web services",,senior
Remote Shopify Developer,https://stackoverflow.com/jobs/111292/remote-shopify-developer-bluebolt,"asp,html,c,javascript,sql",react,.net,,shopify,,senior
Paid Research Study for Productivity Tool Administrators/Managers,https://stackoverflow.com/jobs/376568/paid-research-study-for-productivity-tool-user-research-international,,,,,"google cloud platform,ibm cloud,linux",,senior
ACH Full Stack Developer (Payments Experience Required),https://stackoverflow.com/jobs/377148/ach-full-stack-developer-payments-experience-repay,c,,,,,,senior
Senior Data Engineer,https://stackoverflow.com/jobs/377145/senior-data-engineer-mediavine,"ruby,javascript",ruby,,,,machine learning,senior
Java Backend Developer focused on Quality,https://stackoverflow.com/jobs/313068/java-backend-developer-focused-on-quality-viabill-a-s,java,spring,,,"docker,amazon web services,kubernetes,linux",,other
Senior Front End Engineer,https://stackoverflow.com/jobs/377135/senior-front-end-engineer-unanet-inc,java,"angular,vue,react",,,,,senior
Backend Engineer Data Team - 100% Remote Canada,https://stackoverflow.com/jobs/242542/backend-engineer-data-team-100-remote-canada-sonatype,"python,java,ruby,javascript",ruby,apache,,amazon web services,,senior
SRE / DevOps Engineer (m/w/d) Karlsruhe or remote ;-) Fluent German required,https://stackoverflow.com/jobs/168909/sre-devops-engineer-m-w-d-karlsruhe-or-remote-ganz-stock,,,ansible,,kubernetes,,senior
Product QA Engineer,https://stackoverflow.com/jobs/348839/product-qa-engineer-scrapinghub,"python,java",,,,linux,,other
Senior iOS Developer (Remote),https://stackoverflow.com/jobs/191013/senior-ios-developer-remote-x-team,"objective c,python,typescript,javascript,swift","django,flask,react,angular,vue","flutter,react native",,"docker,ios,kubernetes,amazon web services,android",,senior
Senior PHP Developer (Remote),https://stackoverflow.com/jobs/192128/senior-php-developer-remote-x-team,"python,typescript,javascript,php","django,flask,laravel,react,angular,vue","flutter,react native",mysql,"docker,ios,kubernetes,amazon web services,android",,senior
Go Developer,https://stackoverflow.com/jobs/368267/go-developer-spideroak,go,,,,,,senior
Senior Game Developer (Unity) - Help us teach kids to code!,https://stackoverflow.com/jobs/376907/senior-game-developer-unity-help-us-teach-kodable,"ruby,javascript","angular,ruby",,postgresql,,,senior
Sr. Microsoft Cloud Stack Developer .NET/C# (100% Remote),https://stackoverflow.com/jobs/376903/sr-microsoft-cloud-stack-developer-net-c-sharp-100-independent-data-management,c,,,,docker,,senior
Product Manager - IAM Sessions,https://stackoverflow.com/jobs/376901/product-manager-iam-sessions-auth0,"python,golang,java,php","laravel,node,react",,"postgresql,mongodb","amazon web services,wordpress",,other
Data Engineer: AI/ML (Roadtrippers),https://stackoverflow.com/jobs/330148/data-engineer-ai-ml-roadtrippers-togo-group,"python,javascript",react,"git,torch",,,machine learning,senior
Senior Developer with GO expereince,https://stackoverflow.com/jobs/376897/senior-developer-with-go-expereince-boyle-software,"python,java,c,go",spring,,,,,senior
Mobile Developer (Remote or On site),https://stackoverflow.com/jobs/272913/mobile-developer-remote-or-on-site-ifit,"c,javascript",react,"git,xamarin","nosql,postgresql,redis","android,docker,aws,amazon web services,ios",,senior
"Senior Software Engineer, Backend (UK)",https://stackoverflow.com/jobs/376879/senior-software-engineer-backend-uk-numbrs,java,,,,kubernetes,machine learning,senior
Senior React Native / Flutter Developer (Remote),https://stackoverflow.com/jobs/200538/senior-react-native-flutter-developer-remote-x-team,"python,typescript,javascript","django,flask,express,node,react,angular,vue","flutter,react native",,"docker,ios,kubernetes,amazon web services,android",,senior
Senior Software Engineer (Full Stack),https://stackoverflow.com/jobs/376694/senior-software-engineer-full-stack-sharestream,"java,javascript",,,"nosql,elasticsearch","docker,kubernetes,amazon web services,linux",,senior
"Senior Mobile Engineer, Flutter",https://stackoverflow.com/jobs/375400/senior-mobile-engineer-flutter-team-go-inc,dart,,flutter,,"ios,android",,senior
Sr. Software Engineer - Angular,https://stackoverflow.com/jobs/363678/sr-software-engineer-angular-digarc,"python,sql",angular,,,docker,,senior
Hardcore React Native and NodeJs application developer required,https://stackoverflow.com/jobs/376595/hardcore-react-native-and-nodejs-application-rekordio,javascript,"node,react",react native,mysql,,,other
